code,count
00NLAKSS,0
01NK5RXP,0
030V028Z,0
04740IP7,0
04WPZMKR,0
04YUA802,0
05OPW937,0
06MKXQ4I,0
0730LB63,0
08VVZST0,0
0957Q42Z,0
09FXILRN,0
09GN52FP,0
0AMWPTVW,0
0ASGU84G,0
0BDOY440,0
0BH4GKI6,0
0BH8HKB0,0
0CFNYCU1,0
0D52HSSZ,0
0DKN4JM6,0
0DL5HBZI,0
0DQH3UDY,0
0DSP53M2,0
0EK0T2Z9,0
0F5VU5M0,0
0FJDM5OB,0
0G7JUK85,0
0HRCCG0U,0
0IUZLOFK,0
0JCZJ9AF,0
0JL3FCBE,0
0KKXZYWV,0
0L2XS6T0,0
0LWJUKS5,0
0MV1U3V3,0
0N0QHUMP,0
0O0QOAWZ,0
0Q5PX5AB,0
0Q7NIQSZ,0
0QHN8U6A,0
0R8VHX17,0
0SZH25GX,0
0T0UK7RO,0
0TDOSERH,0
0TIGWL54,0
0TXIKWL1,0
0U90QRI4,0
0U97PC88,0
0UA2039S,0
0VJVPK49,0
0WRTWQIC,0
0X06AS08,0
0Y0N0ZZ4,0
0YYSG9WL,0
0ZKNV6AO,0
10FE6LZ6,0
10S8DE6J,0
10TYRXPB,0
113MR3YX,0
11JQXIJ0,0
13JO1YTG,0
16E7VMP3,0
16IHS5DN,0
176E5W10,0
17HHRGEW,0
17KFAW35,0
17MU2ZBX,0
17WS6BVQ,0
1ACSLD3G,0
1AEGKFFW,0
1BMYFRNE,0
1BTUM8RA,0
1BWAIMKF,0
1D62P65X,0
1DXW5F8B,0
1EI0SYXH,0
1EPDE8YX,0
1ERTUHVT,0
1GMLP5UU,0
1GSQE3U4,0
1GTHHH85,0
1H13CHGW,0
1IB18ZOH,0
1IV4C0HW,0
1JSXQ1SD,0
1KBCR0PR,0
1L1PIHN6,0
1MPO5IZW,0
1N35ZY9I,0
1O5GZ52Q,0
1OCFZKBR,0
1ONXLGYW,0
1OVQFYLF,0
1OYB7AFW,0
1P02ES3F,0
1P0I15S2,0
1PN70XEK,0
1QFT5AQH,0
1RLQHU2R,0
1SPQ8DX0,0
1SYA06DM,0
1U6ICGGE,0
1U6VYW40,0
1U9EAM1W,0
1UD9HKF6,0
1VNMFV4C,0
1WWD2CO8,0
1XA2DEHX,0
1Y4BL4G1,0
1Y7PVTP7,0
1YRTDJMR,0
1YS8SRU2,0
1ZXG7SLS,0
2099D1UM,0
215W28N2,0
219UUIQU,0
21NTA06B,0
22OHQD31,0
23WT9NDH,0
25F0AKQE,0
26KYBJCD,0
27ALZPKF,0
27J72N2C,0
29EGFRPW,0
29JEF1P3,0
29KG5D8C,0
2AH6XISH,0
2AK57PHM,0
2ALFFPSH,0
2CJLC5LB,0
2DN1VK6B,0
2E2A47K9,0
2EVCG3NO,0
2FNCKZ4L,0
2G1ZBFK7,0
2GIYX3S9,0
2H9GKQEW,0
2HUT7JFK,0
2IT5649C,0
2JCRKVWN,0
2JRFLAC2,0
2JXOTJKE,0
2KPQXRN2,0
2L7WKH0T,0
2NCF5QD2,0
2NHWHBKQ,0
2O9RCP9T,0
2PBLN4AN,0
2PNMVITC,0
2QDH0BHC,0
2RIBHPEG,0
2TGH9422,0
2TT0NZX0,0
2TWATGNV,0
2U55FIUS,0
2UU0CAJM,0
2WS6UHN6,0
2XDE1NW6,0
2XV9Z3BS,0
2XYI1G9Y,0
2Z4GL0D5,0
30A7K2J2,0
30LEPOO7,0
30QIS0Q6,0
30XRNSLG,0
313Y8WZU,0
31I3E8QJ,0
31QL6976,0
31UZQ8R6,0
3248Z7RL,0
32II2OFF,0
32MCFQVQ,0
332HYJRT,0
333FIJDF,0
3383SOZ9,0
33LIJN2B,0
3407VPEW,0
34G31HEX,0
35BXBTMU,0
35N3JJS1,0
35UK7ULH,0
35VZ1QN0,0
37DSA4TW,0
382GJQT9,0
39H1GOX8,0
39XIF9K1,0
3B89GOU4,0
3C1Z5C67,0
3C5L5CLY,0
3FP72WIT,0
3FUCDGSE,0
3FYZ5UNF,0
3GWRO5HI,0
3HLB0R7T,0
3J146JSL,0
3K65XU0S,0
3KVR87OS,0
3KZY7Z67,0
3L56AKO2,0
3LCYDUJM,0
3LU408AD,0
3MX0Y5YT,0
3MX9UPDN,0
3NI4PW8T,0
3NODJXZC,0
3NYSREOQ,0
3OHZUVZM,0
3OMNEIG0,0
3ONRRCD7,0
3OSPSFJN,0
3OVQLDXD,0
3PVSSVYV,0
3R4W2GCD,0
3RK61DAK,0
3RYXP9Y8,0
3SD5M29A,0
3T0P0AWV,0
3UJDFUOR,0
3UNPHLI0,0
3V3QIN3H,0
3VM0M4VO,0
3ZR1DSCU,0
40GENHI9,0
40XUZM9R,0
421GZHLN,0
424789R6,0
42KC1NX2,0
42LF31F7,0
42S379VT,0
42ZU7IXW,0
44DOA6SX,0
45YBGVKT,0
46FD4GX4,0
477S4VGL,0
47D8D443,0
47H21977,0
48272GJK,0
48PB5LPR,0
49BWGU1V,0
49JKLT65,0
49O46RIF,0
4B243RVJ,0
4BA749TA,0
4BRDH2KP,0
4D7EC7SG,0
4DAMNUM7,0
4DZNP1YH,0
4ECOT1IN,0
4EPI1LSM,0
4EQ35FAR,0
4F0077OG,0
4HC3TI1V,0
4J3899QY,0
4J3W9ZT0,0
4KFZELFK,0
4LQA1N2I,0
4LRG3OHJ,0
4NIGVLWJ,0
4Q1TWEFP,0
4Q7YX0VL,0
4QHS1XRB,0
4QZ7EIPA,0
4R26VDF5,0
4RM5ZGU4,0
4SQ3MMKL,0
4TX5N7Q8,0
4UK9MRNF,0
4ULWKMCQ,0
4VB6RSAE,0
4VK0HK0J,0
4VKDSI6A,0
4WMAA5IE,0
4WTOC2II,0
4XNR089R,0
4Y8RXHCD,0
4YRIV6K6,0
4YYS4GOD,0
50FQA8FL,0
50KP805M,0
5267VBBG,0
52OBM13V,0
5575IYGC,0
5668JZL9,0
56HE2RTU,0
56WEQP2X,0
574K6T29,0
58F9F0OV,0
59Q9332P,0
5APJFVSR,0
5BZPI8OG,0
5C2241DY,0
5CCUZBDH,0
5CHAOE5U,0
5CL6J5BO,0
5D8VX7O8,0
5ERBN0MA,0
5FDFEVTX,0
5GIEE5VC,0
5IBBY2QM,0
5INOLENW,0
5IXAMNUF,0
5J67E2C9,0
5JVJ4DNA,0
5JY7K1Y7,0
5L1GA9IM,0
5M82022U,0
5N2V0A90,0
5NUQ2NCX,0
5O191B9X,0
5O1P4CYL,0
5P1K1TM3,0
5PS0H30A,0
5PS49QLC,0
5QJSPCSW,0
5QNVJRST,0
5QVUNL29,0
5SHDO6UM,0
5UNW2NDY,0
5VJWPNE5,0
5VMXRL1E,0
5VO66DGW,0
5VUQF37Q,0
5W0COMZJ,0
5W1YVIQZ,0
5WFLIWU6,0
5WXY8CPT,0
5WYVICZA,0
5X052DBG,0
5XZRN3GJ,0
5Y2THBWQ,0
6088L5XO,0
60JG0SHN,0
61OFPRAN,0
61ZIN854,0
63K0HKIV,0
64BRLQKC,0
669EPVB7,0
67DV7UDN,0
67RC9NQD,0
67U238SB,0
68DAHY13,0
68DBM1KQ,0
68FM2X0B,0
68TNOXCW,0
68TVMISS,0
6913F1BB,0
69TPDZ8D,0
6A19LE7T,0
6A9HAIUM,0
6B5FAA0D,0
6B88604M,0
6CSTIDM7,0
6E0B1YG0,0
6E9GMK4U,0
6EB9584C,0
6EZHWVBM,0
6F6662TX,0
6FUQRPXK,0
6GNZB68O,0
6JFM5GED,0
6KGAFL68,0
6LDL6YME,0
6MLWPLC2,0
6MTN9KS1,0
6MWK3MED,0
6NO9JFUK,0
6OLT85UC,0
6OM7NLV1,0
6OQ1V3VC,0
6P8TS608,0
6QZHJVGC,0
6RJ7DXWU,0
6RK1J4GQ,0
6SLI1URY,0
6UJXCWZH,0
6UKWYSJW,0
6UVDCEZJ,0
6V5RVS6A,0
6VMV687G,0
6WVBHBXI,0
6WZZ31FR,0
6X74NAO1,0
6X85I0N5,0
6ZEYCK3N,0
6ZVEV54D,0
6ZZESTOF,0
707EZAPZ,0
70B6J8XA,0
70IRKGT9,0
70OXGVF8,0
70RA0P30,0
719HAA9E,0
71QTL2NA,0
73L291MI,0
74W40RHH,0
75L86QCC,0
75URSDV0,0
76KEABCU,0
76N2F6ZY,0
775GWZ6R,0
776SUS4D,0
7792ZORD,0
77ID8IHX,0
787FY3VA,0
78CH2QSO,0
78Z0VL8M,0
7A65QB9K,0
7APBCNSD,0
7C4OZQZE,0
7EKEYB35,0
7EX35GG8,0
7FC4KTOU,0
7FJ6XLO4,0
7FZEP7VW,0
7G8PW25V,0
7GLIGR6U,0
7H7PKETK,0
7HUMG6JG,0
7I1TN557,0
7IQ9MKL7,0
7IV215TS,0
7JIE4WF4,0
7KFTVY9V,0
7KPZODL7,0
7KXVQJ4I,0
7L4H0VYX,0
7LZ21NU9,0
7MO41NPY,0
7OS8B5N2,0
7OWMVJGH,0
7P38ZLH3,0
7PN1GRNB,0
7Q9O7OQG,0
7QF9THNK,0
7R7GS7MP,0
7SFF19S9,0
7UKA9A77,0
7V4SNG3G,0
7X25H2CJ,0
7X8Y9N2R,0
7XRGW0ZC,0
7Y2N7ECD,0
7YBNVQ2M,0
7Z6QYQKS,0
81HEV2FE,0
83HASS73,0
86JPJDFI,0
888VBYGK,0
899290HQ,0
89EVHVGX,0
8BKBFATV,0
8CNCG1X3,0
8CQIJC9T,0
8EBY76DJ,0
8EN219FT,0
8EV2NYGR,0
8EXKAGNM,0
8F649ZU3,0
8FAJU7LJ,0
8FIF4T5M,0
8HDPM2IR,0
8HGJ9AUV,0
8KTXB3FG,0
8LNNRR0U,0
8LQF51JO,0
8LQNLPE3,0
8NBHTQRY,0
8O7JNJ3W,0
8ODJEDP1,0
8P0QUVR3,0
8PVK86UH,0
8PXVVRUS,0
8R49IWAE,0
8RL1XLJ1,0
8SS413ZX,0
8U8PDTIE,0
8WO1XSU2,0
8X81R6WD,0
8XQR2F9B,0
8ZAZ6NUY,0
915L39TS,0
932D6ZQW,0
933KMH72,0
934NJE7N,0
93A3WFVP,0
93ANE5XP,0
93B1DV10,0
93HUA1IV,0
93KIL7MQ,0
95IIU3S8,0
96TUKU8F,0
970LPMRX,0
9723TMGR,0
98HQ7M8Y,0
98HWPU6V,0
98Y3YDAT,0
98Z7LZ4G,0
99GF4LI2,0
9AWERPBK,0
9BKKGV5L,0
9CKQ307G,0
9CS0NT8S,0
9CW0T8T8,0
9D7051ZB,0
9D90DKPG,0
9FEPRV5I,0
9GCBXPHG,0
9HNCPSNB,0
9HYQP3RF,0
9I1QDFDE,0
9IYS2Z4K,0
9J7I4M5T,0
9JB3TF7M,0
9JWZ20CO,0
9K36UP83,0
9M14SEI8,0
9ORA0HSN,0
9PXZAEPP,0
9Q3210CC,0
9Q5UW1X6,0
9Q6LNQOO,0
9Q6O0NAK,0
9QUYWCFZ,0
9R84STO0,0
9SKK0FSX,0
9SWJYHD3,0
9TWDG9UA,0
9U19EL9I,0
9UBWCW6H,0
9UDTSANN,0
9URVKKX6,0
9UV7MSZA,0
9V25RCC1,0
9V94D5CY,0
9WP1W6OQ,0
9XKG176Z,0
9Y1ETN6O,0
9Y2SJICV,0
9Y4RW536,0
9YYECBXK,0
A0FGKXXK,0
A15WB1XI,0
A1IYV9KC,0
A3IJ6MJD,0
A3N6CEUR,0
A3RNH6C5,0
A67I0R10,0
A6IDZNWV,0
A6JQJ0WD,0
A6WA55XN,0
A75MCBJ8,0
A7KLG9MD,0
A81VOGN7,0
A82A6EIM,0
A82X96S7,0
A9KH9JM6,0
A9Q7H90W,0
A9UW696I,0
ABRH9QSA,0
ACNJF2Q5,0
ACPC7E2K,0
AEKY2YB9,0
AFNQX3YL,0
AG7KMLVV,0
AGGN6Z3L,0
AGS0USIB,0
AH3NAGOJ,0
AI00CIC5,0
AK0H7Y7I,0
AK1F4VQU,0
AK4MG310,0
AKL2BKP1,0
ALZ3NO6D,0
AMGKTI8H,0
AMHA7ROK,0
ANBFMJEG,0
ANZ5O1JR,0
AQEPSXTH,0
AR82TPPI,0
AS0LIH1O,0
ATVMV1XA,0
ATZPS3P2,0
AU0O9QW3,0
AV8FIWA7,0
AVQ3WZY0,0
AW298475,0
AWQFG3XA,0
AWUV19LA,0
AX36S4TS,0
AXLFJZ43,0
AYN2D646,0
AZCCUC50,0
AZCM9I3I,0
B0293MBF,0
B03DOZBV,0
B07HRM92,0
B1FKFE7V,0
B23KTVJ7,0
B2J87G2I,0
B2JZMV2S,0
B2LJS479,0
B2OBH431,0
B35SFOYH,0
B35ZHNHO,0
B3XAUFQP,0
B4U0VZI1,0
B5PX9F6D,0
B5VB2YRQ,0
B65SQVGV,0
B6U45DZW,0
B6Y57I3A,0
B7370RV2,0
B73QTJK2,0
B7VCYANE,0
B9I447EJ,0
BAQOLASQ,0
BD82IQQ1,0
BDNGJGTD,0
BDPS2625,0
BE0TZ9RX,0
BEL2XDRA,0
BFX9R898,0
BG24HZ4U,0
BGKPOJY4,0
BGSWVN83,0
BGTA27BY,0
BHDGWO1F,0
BHDSFU3H,0
BHI2RBPQ,0
BHNQ0K2V,0
BHNQCLW5,0
BHRWDWTB,0
BI6T0SDT,0
BIVDCRUA,0
BJAMC12K,0
BK3E3AA2,0
BK6E23F2,0
BK7RDM7U,0
BL8PQA3P,0
BLANHO9N,0
BLAOGF6O,0
BM81450J,0
BM8HEUJE,0
BMJJHGUI,0
BO0Q07DM,0
BO3UGRRW,0
BOMVRXM4,0
BQ1Z5XSS,0
BQGQEKR9,0
BQM3Q6DO,0
BRWXY6ZO,0
BS1TE23Z,0
BTLDM3VY,0
BTN7P42L,0
BU1GZHFQ,0
BV3BHX69,0
BVCXP8VS,0
BVJ71Z2G,0
BW6V6RSQ,0
BX8BU6HS,0
BXMB64GD,0
BXVOQ720,0
BY4X2QER,0
BYELPVIW,0
BYG4UKEE,0
BYTMX0KS,0
BYWJALX5,0
BZ1JTD55,0
C0110W77,0
C0CMMBH6,0
C17TJP6C,0
C1UE42CL,0
C46M1UNW,0
C5I6C43M,0
C5U4S64Z,0
C894YFIP,0
C96A4FHY,0
C9C8VC6G,0
C9RL5UV8,0
CAV4OWJD,0
CB0NWUJP,0
CB3TO4IY,0
CBA2RI9X,0
CBE3KB1N,0
CC0CCP3Q,0
CCFTKBK3,0
CCL8ROGW,0
CD9K2OPQ,0
CDVDSERK,0
CDW7FOK7,0
CESF0YOL,0
CGCIXV48,0
CGK5CIGK,0
CGXW6A29,0
CIXSLWAC,0
CKSS1DY5,0
CLW21AHW,0
CM0CSJFF,0
CM6AHWY6,0
CM90OUNT,0
CMB66P0D,0
CMJCNYVC,0
CMTZA4C5,0
COMPNZ9J,0
COPCECDB,0
COQROJT5,0
COT3U3N6,0
CP0Z5WCU,0
CP28A75M,0
CPEYQG5A,0
CPH75M6T,0
CPWF10EN,0
CRGWLNQ7,0
CRLVR6ND,0
CSPBA907,0
CUDKOSBI,0
CV681Z9Z,0
CV8DMKYW,0
CW0LGT8D,0
CY6T5E6E,0
CY86KLZE,0
CZIKOZ4Q,0
D1HN9UBO,0
D1MV6I5X,0
D2NPGM99,0
D2Z4O438,0
D34KSF4U,0
D3O2KYCW,0
D45T9QCZ,0
D4KLYYQC,0
D5733QJA,0
D5S6DB5B,0
D6YLJGRB,0
D7DKCVFX,0
D7PYO15X,0
D7QUUC6X,0
D86TSDUW,0
D90MBMT4,0
D9I5E2YB,0
D9JUFN0J,0
DA42QBZK,0
DAWCDP1L,0
DB5RGWUT,0
DB7D8SMV,0
DBG6TQRS,0
DCH69NQY,0
DDKUEI52,0
DDW0YS3E,0
DELQOY0K,0
DFV2JYOQ,0
DGCK598X,0
DGQTD13P,0
DGR4NEXQ,0
DH9MBMPJ,0
DHAZJCFU,0
DI0KSQWZ,0
DIIYYQAR,0
DIWR8QVB,0
DJ272VUK,0
DJ4BVO9X,0
DJAWB3RL,0
DKBRLVHD,0
DKJ5ADF5,0
DL89XINO,0
DLO2XNKV,0
DM54N1VO,0
DMW497XV,0
DMZNDM2I,0
DN3DX1O5,0
DNF29NYF,0
DP4PT24P,0
DQFEKGDA,0
DR2POWK5,0
DR8AX1W2,0
DRAXIUZ4,0
DRPK0DVG,0
DSHYWMOI,0
DSUVPN9M,0
DTET7IR9,0
DUQ02X7U,0
DUTGDHVF,0
DVNGRQN2,0
DX1S3I03,0
DXGOCN38,0
DXNXMANX,0
DXRF0XFR,0
DXX9QR6C,0
DY2ISDHW,0
DYDKYNHP,0
DYM1P7GP,0
DZZTD3OY,0
E1B8Q504,0
E1IAAXTC,0
E41YJZ9Y,0
E42M572O,0
E45URZF5,0
E4EZKVMV,0
E5BF6Q14,0
E6OEMJDY,0
E7E1OKOG,0
E7MX94S0,0
E837YQER,0
E876UYF3,0
E8EWHT43,0
E8KVGT0W,0
E8MZ3XUT,0
E8SX8IDI,0
E92SX5Q4,0
E94FBSA8,0
E98XOV33,0
E99SSKE0,0
EA1CWDYA,0
EABO2PG5,0
EB9DQLRU,0
EB9ZRL3A,0
EBD4LBPU,0
EBJHIBVM,0
EC4XK9OF,0
EDG9NFQB,0
EDK2YE1D,0
EDLQA3EW,0
EDWS0HBO,0
EE785XIX,0
EEAYQFM7,0
EFPRLQ4D,0
EGDA6BIH,0
EGIN6LHP,0
EGN0W5WD,0
EJ08CTE3,0
EJ3O99RD,0
EK208H60,0
EKCLI0LS,0
EKKLPQDC,0
EKOPCBZ0,0
EL78HHYH,0
EL87N15K,0
ENU9ZUUG,0
EP06X6Y9,0
EPM2RA72,0
EQOCT7BU,0
EROENB44,0
ESI11VWG,0
ET9AP6L0,0
ETOTDUQJ,0
ETWW8Q7W,0
ETX95HK8,0
EU9WU6W3,0
EUP5R5SF,0
EV7X12S6,0
EVB68JCP,0
EVK7G77N,0
EX2A3MZC,0
EYM02YSZ,0
EZKB3ICH,0
F17U4NZL,0
F1B3O9ET,0
F1PFNGDN,0
F2E8GJ7M,0
F2J2YPJ0,0
F3KNDCFH,0
F426UZKG,0
F4FKNGHQ,0
F581CU9S,0
F59S7BZS,0
F5TN2NCV,0
F75T93AV,0
F7CPUWTB,0
FBKBL7NQ,0
FCCMARYB,0
FCEWBLRT,0
FCKGNHG5,0
FCLFNX7I,0
FE9TCACG,0
FEJX4IN8,0
FFOJYW0L,0
FFXHC9II,0
FGAZ35J3,0
FGN0M627,0
FH1VAD3L,0
FHSGPSIK,0
FJ2RNZLD,0
FJBTIBPI,0
FJDR7O6N,0
FJZRNHCW,0
FKG2D9UO,0
FKYOBWN8,0
FL41Q1X3,0
FLGD1LHR,0
FM80AM8X,0
FNZM15NG,0
FOS4DBQF,0
FP6E36I1,0
FPLTS1RV,0
FPQZCNNX,0
FQGBGHV3,0
FQNPOBD9,0
FQWGDJJY,0
FRJDONRZ,0
FS14BCFZ,0
FSEFHGP3,0
FSIOO9J8,0
FSKIWUMT,0
FT3PL8PW,0
FU15K1WM,0
FU78AFLV,0
FU7OEXXE,0
FVWQ2LD9,0
FW2HUUGL,0
FWN138VO,0
FXI5TW36,0
FZ1MN0RB,0
FZCWO2I2,0
FZJXYQUM,0
FZYPBIXB,0
G0JHTLRQ,0
G36ZB5Z3,0
G3E35LEL,0
G3HFTNXG,0
G3X1ZVE8,0
G4FK5A0P,0
G551LEU8,0
G5LACNVI,0
G5LFMXQT,0
G5ZM07OV,0
G6B86GFQ,0
G801WIPL,0
G80XN8D1,0
G8I5H3BG,0
G8WQ4PBN,0
G938S2B5,0
GBOGDLR4,0
GBT1G1MW,0
GCK0I9OL,0
GF5BSCQE,0
GGXP9NKX,0
GHQSW334,0
GHZAB8EY,0
GIGG1MFY,0
GIQZEFQ9,0
GIW8CC0Y,0
GJ5Z0TT8,0
GJC4PXVK,0
GJIOQFGU,0
GK5OI0C5,0
GK5VNDLN,0
GKBGLH26,0
GKXG48W5,0
GLLJ7RRD,0
GM3BZ8PB,0
GMXKBH8M,0
GN4PGLEK,0
GO5SUJFG,0
GOHLISR3,0
GOXIK991,0
GP6MDO4K,0
GPQ5YMAW,0
GQ5CLY1C,0
GQA4AH2R,0
GQT5E7VN,0
GTAAMH53,0
GTM872KV,0
GTTZG5LR,0
GUBWJYFI,0
GUFR174F,0
GUM37TRL,0
GUMGQFMP,0
GVHUZEMU,0
GVK4C8OW,0
GW3ZUCHG,0
GWZBQ0K4,0
GXCQMC1W,0
GZLLPYC0,0
H12Q1RWB,0
H1N0EEH2,0
H1X8OTY1,0
H290RVNH,0
H2XFR87J,0
H422PCAB,0
H42AIP0N,0
H5WG88FR,0
H6JWUCF8,0
H6RR82F7,0
H7EVWB1T,0
H98EUFGP,0
H9R1K3Q9,0
HBA3W9G3,0
HCUY9H90,0
HDNO8KTW,0
HDQH2SYZ,0
HENQZYF4,0
HEUJ8MFW,0
HFJ66BUO,0
HG2D2XQ1,0
HG9E56BD,0
HGP3K90F,0
HGTA64TU,0
HGUKBJAR,0
HH8P1EZH,0
HHGZMP41,0
HIN5PPC7,0
HJ2C5AJ8,0
HJETAU7W,0
HJXPRSR0,0
HK69B1O8,0
HKNUT4SO,0
HN39WOP1,0
HO6CTU1J,0
HOOX632L,0
HR6A0MOL,0
HSGLGKU0,0
HSLA564V,0
HT1QB0Z9,0
HU4L5SBC,0
HU8SYOOQ,0
HUXWR588,0
HVU707RC,0
HW14HH14,0
HW35ZWR5,0
HWOBOK06,0
HWRH7LVH,0
HWVC41A8,0
HXTW4GUY,0
HY1HQ53J,0
HY7P1NXQ,0
HZYICAST,0
I0TGDF8W,0
I13O27VT,0
I1N7P0EY,0
I2181LYI,0
I2B6ZFEH,0
I329E143,0
I3UH4GXK,0
I43F5XS0,0
I47F30WB,0
I49TMMSS,0
I749NRHH,0
I770AES3,0
I7W5O7JW,0
I8EGE37U,0
I8FN17QP,0
I99SFDY9,0
IACDY8VG,0
IBBUXMC1,0
IBTHZ0O8,0
IC8TH777,0
ICCYTYGQ,0
ICG63V2V,0
IDIVUKW2,0
IDKKRY2A,0
IE5J0TC8,0
IE8C9ICS,0
IEDJHNP2,0
IEEQPM2L,0
IF83LNFN,0
IFD6JIFX,0
IIKOV9NW,0
IJ8YCM93,0
IJQDDRIF,0
IJY6SHJP,0
IJZLLH7L,0
IK43RJ2O,0
IKF3XTP1,0
IKRGBLGJ,0
IL4CABBW,0
ILA44NHM,0
ILB8X0TW,0
IO4AR9A0,0
IOD6NLJP,0
IOYF1865,0
IP7ANM42,0
IQ0D9RZW,0
IQP6KB0F,0
IQW087NU,0
IRU1V221,0
IST18T3J,0
ITKDMKYL,0
IVB930IT,0
IVFLO8Z8,0
IVLDNNW0,0
IXXP3RSY,0
IYMFJNRJ,0
IZMLSV73,0
J05NHGOI,0
J06O9TW8,0
J0HMO887,0
J2MW8DRP,0
J2N8ZW5P,0
J2VM6WE4,0
J3VH8B8W,0
J6SW65QA,0
J77G06EB,0
J7L9QOHO,0
J8ZIQO31,0
J9DKMEBU,0
JA9EU4T3,0
JAC38TEJ,0
JBFD1B1G,0
JBVXPZGH,0
JCMH51WF,0
JDL58CPS,0
JDLPZM6Q,0
JDXGNV7U,0
JE2G69VR,0
JE2Z5UC0,0
JF0D8EY6,0
JFCOX0IT,0
JHBNO7U8,0
JHOP0N4R,0
JIF1Z8C5,0
JIRBHK76,0
JIUASDJM,0
JK4L00UT,0
JKQ16C54,0
JKUGFOC3,0
JL0J9DF8,0
JLAV3KX0,0
JLJ2IORJ,0
JNAU870Z,0
JO7VIGK5,0
JQQG93ET,0
JR309C0O,0
JSB1KLA7,0
JSTGK68Y,0
JT96Q8RU,0
JU79G4BX,0
JUW7QJ8G,0
JVNZID7I,0
JWAMXE2U,0
JWJSLF5N,0
JX4L5NA4,0
JYP46V8E,0
JZ1TUM7O,0
JZHN2WYU,0
K0775GIK,0
K0DRKKWL,0
K0H8DCMI,0
K0Q72A90,0
K3ARP8ZO,0
K3B1TF1M,0
K40XFAIM,0
K5F8B0D8,0
K5PF9HRB,0
K644NCUB,0
K673OJN3,0
K75O6A9S,0
K7H14ZY6,0
K83TNORG,0
K84SSRHW,0
K8DIJY0B,0
K8VYMMGL,0
KA1JGGXQ,0
KABEN2JA,0
KAF7NNYI,0
KBFK14V9,0
KBGUWZ30,0
KBHXYZ3S,0
KBTC0RUO,0
KCFGNZEH,0
KDGJB7O0,0
KDJAA30R,0
KDVAYFPH,0
KE9LK13S,0
KEH71AGL,0
KEM0U24X,0
KFY4YJN2,0
KGBELN2Z,0
KK3I10NT,0
KKATVAAY,0
KKIP0FOA,0
KKUQDPLO,0
KMCMCZQF,0
KMDPEN1S,0
KMMHNYQT,0
KNFAWWGT,0
KNS24K3H,0
KOFHF6HI,0
KQYQ3ERR,0
KR3TEJEV,0
KRL3PJLQ,0
KRM7D2BW,0
KRSG4KIB,0
KT8GVB3T,0
KU5DH86Z,0
KUKWMMBM,0
KUM5DGC7,0
KW6M9ZZD,0
KWDIVJQ0,0
KWP3564I,0
KWRC3Z6C,0
KXHIIZXC,0
KXJ25GO4,0
KXYDUO0V,0
KY1V5VAZ,0
KYAHLDZN,0
KYKTTMGX,0
KZ0IZ0RS,0
KZ1RCV1F,0
L2175Y43,0
L21O6QK0,0
L2JSAHA9,0
L3Q9TD9B,0
L6UHUNJD,0
L74QU8DV,0
L7QHPWTV,0
L7XE55OU,0
L8D8BELQ,0
L9JIEJV2,0
LBYMMV6X,0
LBYN24K1,0
LC3J9SIM,0
LCIY47WI,0
LCK89G19,0
LD7QS16J,0
LDX19UA6,0
LE3US0VA,0
LEV8MTFZ,0
LG31838K,0
LG3F1OGM,0
LGJZH2HW,0
LGK8HLLC,0
LH5RLJZ7,0
LJ4XJDQ8,0
LJOLKA5U,0
LJWKYBBX,0
LK1415PJ,0
LK7ET5UB,0
LLLZS6AW,0
LMFGFE18,0
LNJA5UMW,0
LPMCYHA9,0
LR0NDOG8,0
LROR8AXE,0
LRSSBWO9,0
LTNCQPIZ,0
LUHODNQQ,0
LUU9Y3AA,0
LV0L6GSL,0
LVUPAOKH,0
LW0AI3PK,0
LWV8HQPK,0
LXIALLWG,0
LXNKB0KW,0
LY726G6A,0
LZ797NZB,0
M02EZ3WD,0
M09Q2DIG,0
M0UQXC0R,0
M1KIY0FH,0
M37AE5E5,0
M3PRFJUM,0
M4EQH7U3,0
M5DG1DX2,0
M5JYP9WG,0
M6ENH6RR,0
M6I0OUTZ,0
M6N9QKEF,0
M7TZNIHM,0
M8I3EH12,0
M9R81CFL,0
MAF394MF,0
MAUWZOBN,0
MAVW2E1B,0
MAWJKT7Z,0
MB8DPV9W,0
MCCPFHYR,0
MCJWV9TF,0
MD011IWF,0
ME1VJU9C,0
MEXD32YO,0
MF00FFLF,0
MGD2WJDJ,0
MJX6P10P,0
MK53SUU8,0
MK9TJANY,0
MKFC2LPI,0
MMCXFN3J,0
MMKA3MDW,0
MMQHEH0O,0
MN28HCI7,0
MNGRU5RS,0
MOBQBTPE,0
MP6U7I7A,0
MQVCXJNC,0
MS11N3N9,0
MT1897A6,0
MTKMJZ9R,0
MV9QYU5U,0
MW1ONTZ2,0
MWA8CPPL,0
MWDA81UC,0
N1KKPX10,0
N1X9U9T0,0
N2DGPLOF,0
N30ASMAN,0
N3S530XS,0
N4CT8BNL,0
N4Y4ZP18,0
N6MEN3HP,0
N6PVKBYK,0
N7CO168I,0
N7UXP79U,0
N7YK46OE,0
N8AKEAHK,0
N8Q1661A,0
N8VE14AK,0
N94G184G,0
NA3PT0ZY,0
NAW336UT,0
NB10P3UY,0
NB46F6RC,0
NB6RN5R2,0
NC262B07,0
NCR26ECT,0
NCUNZCQ5,0
NDA72UK4,0
NDQ0ZK88,0
NEM74AYK,0
NF1QKGKY,0
NFAP29VQ,0
NFSVK5E4,0
NG02P7UY,0
NGM4PFB7,0
NHTDGR8A,0
NIUICMB9,0
NJMY0R9X,0
NJRJDDML,0
NK9380E6,0
NLGYZZ2B,0
NLQK433I,0
NM7DCTVQ,0
NMPCQM05,0
NNGM4BFQ,0
NOE4QA53,0
NP7C52BP,0
NQU2FYXT,0
NRDR04NP,0
NRJPXHBK,0
NRSNJZ2A,0
NSG6CHQ1,0
NSO7A6TK,0
NT9DSKYG,0
NTGDTL7I,0
NUUDONVY,0
NVLCDKVL,0
NWFUIARC,0
NWL0YLXZ,0
NWRHZY09,0
NYKKWR95,0
NZ2XCTY4,0
NZ33W647,0
NZ6Y1GBW,0
NZRI7TG0,0
NZUJ30HJ,0
O0AMFPQ8,0
O2APATBJ,0
O341LY7S,0
O370DP6A,0
O3RONHYG,0
O4ALS6DI,0
O8530UZK,0
O8WXY8SP,0
O91034CB,0
O92KO5YM,0
O9ZJ2FA3,0
OAKDW34P,0
OAWG4UAJ,0
OBOOPYB1,0
OBV07E82,0
OBZHYSQY,0
ODMF50QE,0
OEQ43BU3,0
OERJVL4Z,0
OEXOQLCS,0
OF52X4AO,0
OFI6ZZDV,0
OGIL6ORF,0
OHVMQS9R,0
OI10MVIA,0
OIG0WNF8,0
OIXJ9BNX,0
OJDOFPBA,0
OJSW0ZU6,0
OJXHCQYG,0
OKDZ7SSA,0
OKER09MK,0
OLSOA05A,0
OO0ON386,0
OOOYQR00,0
OP1KQ16L,0
OP5WJRID,0
OQ8M9CML,0
OTJTMH9H,0
OU1TCWKK,0
OUH7RW87,0
OVXP5O9P,0
OWBHSH6G,0
OWHADA3P,0
OWQID251,0
OX6FX5LU,0
OX6H3F8T,0
OXFUQTIB,0
OXHVOVTU,0
OYV0YWVT,0
OZAB0OW4,0
P1178P5W,0
P18C08FI,0
P2FA9IEG,0
P2NKV8ST,0
P3QTG2RS,0
P547B5SO,0
P5IGTE4A,0
P6TEOYTE,0
P7RHMNRA,0
P7V49W45,0
P8JUHWYY,0
P8PNXIRI,0
P8XVYREG,0
P9SIN5I0,0
PASE5MD7,0
PC1J51NV,0
PDKVK1RU,0
PDLTPI0H,0
PDMETHIO,0
PDV8DP9O,0
PEIXOOXB,0
PGOFUFL0,0
PGS7F922,0
PH3ICSKE,0
PHZCFCZ5,0
PI9ILD2J,0
PIJOZTH7,0
PIVL91WO,0
PIYYAYWA,0
PJ7UL7D5,0
PJLNRLAT,0
PKLA37MQ,0
PKNB0PFQ,0
PKPANLXH,0
PKXLWVVB,0
PLPOFEZA,0
PLVPUQJZ,0
PNEIUL7B,0
PNXTK7D0,0
POA9I7B9,0
PPCVAGDD,0
PPLNDRPW,0
PQ0Z9INS,0
PRP5BIEN,0
PS7HK2Q5,0
PSBAOQ3D,0
PSC7BN1V,0
PSQQ5T2H,0
PSSF163F,0
PTANYDIU,0
PTL0O2RD,0
PTL0ZGHD,0
PTSAHQIC,0
PUR3D5EF,0
PUTQARTP,0
PUZI448W,0
PVEKKTP9,0
PWRBDS0N,0
PX1FIMUR,0
PXM1RM1N,0
PYLMS0HO,0
PYM3UOFG,0
PYNX3F49,0
PZKLBNWW,0
PZLVEVLQ,0
Q02GGSSG,0
Q0KF3TNA,0
Q0NMPTAC,0
Q0NW3BDF,0
Q0TPMN16,0
Q0VN957A,0
Q1JXSZM4,0
Q2YEI89E,0
Q3K59T6Y,0
Q3TSXHJ4,0
Q4US7WDP,0
Q6IQN601,0
Q6XPJHXW,0
Q7UZXART,0
Q9Q6E8F6,0
Q9RCF9WM,0
Q9WB7MT2,0
QA3XON5C,0
QANGETEV,0
QBRUA4H5,0
QCMCVF5N,0
QE4R0D8K,0
QEDREDH1,0
QFHBV3R9,0
QFL3AWRJ,0
QG2Q215I,0
QH1WM12L,0
QH2K7X7P,0
QJDEQBCM,0
QJJP8IVT,0
QJP0Y8OG,0
QJQGVV4Y,0
QK2UKTRY,0
QKIUAV54,0
QKN0GEEH,0
QL57PXKG,0
QLY6T3E4,0
QLZ7GU6A,0
QM3M21FL,0
QM4LFH95,0
QM75GZ1P,0
QMI97M6O,0
QMP6NK42,0
QNKV3VUT,0
QP9GYD5M,0
QPDG02EL,0
QPUBPTKZ,0
QQBQC288,0
QQN5IUAC,0
QRJ14OK8,0
QS7YYLBN,0
QSJM6PL8,0
QT4FJF34,0
QT6SZ42I,0
QU9RHAQ6,0
QULPZX0Q,0
QV63RNOU,0
QVEFR8TY,0
QVFNARGH,0
QW9AIQZE,0
QWK0KSTZ,0
QWPJ07CT,0
QX7GGL4Z,0
QXX00GQA,0
QYFLBYVC,0
QYWRGQ60,0
QZA2PS1O,0
R0RWI9O2,0
R183RP64,0
R19IVSBA,0
R1A11FQ1,0
R27CZGUI,0
R2CLNKA3,0
R2HZ8F5G,0
R2JNYMRL,0
R32AJQGE,0
R39CUU7D,0
R3CR58F4,0
R3ZIKNA3,0
R4HH6QVJ,0
R4M38UV9,0
R5TLFMB1,0
R5UQ4I6L,0
R65UA8WY,0
R6A2042S,0
R702UKBY,0
R7LLT8O0,0
R819YSY0,0
R8M0FO9B,0
RA0TJHYM,0
RAZMA20A,0
RBVOJQ60,0
RCCU4P1X,0
RCCXYYV1,0
RDZ2TXER,0
REB0IERT,0
REYALR3J,0
RF4YIBLB,0
RFOD8721,0
RFSGUF88,0
RFUIF9VG,0
RFWPIVZA,0
RG3ABAUJ,0
RIFDB4VQ,0
RJ760C9M,0
RLO4GVUH,0
RNDGDNBJ,0
RNTN7SQJ,0
RO1TQRIJ,0
RPWBOSJ7,0
RQCUSY8T,0
RQL96XHZ,0
RRKRPMWJ,0
RRM8CH80,0
RRY0CK20,0
RSEP3UDR,0
RSJGTTAY,0
RT7SG2FU,0
RTJF31Q0,0
RU36W8J6,0
RU7PZDQR,0
RVJ3BT5K,0
RVL9G294,0
RXO0LL9V,0
RXP76470,0
RY08G0OP,0
RYIAHEU0,0
S007VTHM,0
S0FT4K51,0
S1ODNJVI,0
S1V71DX6,0
S2KNXSNY,0
S420LYE9,0
S4RBRJTH,0
S4U777T9,0
S7MR3ZQY,0
S7P34KOF,0
S7Q2Q47S,0
S9B8RMEN,0
SAKH5UWZ,0
SB2JFLHK,0
SBU83A9C,0
SC3MZ0C2,0
SCRO5TOI,0
SD3KX6XL,0
SE3C84DB,0
SE70S3X6,0
SEWBZ8K0,0
SF8BELWP,0
SG5PLW4I,0
SGNO7EQZ,0
SGUY731V,0
SGV2T9DP,0
SH83X818,0
SIVFQ3LL,0
SJ4M1H0S,0
SJA6KQQW,0
SKOMINPA,0
SLB5K3SO,0
SNKGORP4,0
SNNKQ2L4,0
SPVDH1JX,0
SQ2P8OIH,0
SQ8N3F8W,0
SQF30YNX,0
SQJNW8L8,0
SQNPCW1Q,0
SS20AGL5,0
SSUPN28B,0
STSERBJ0,0
SVDK7DN9,0
SWDD3ZVX,0
SWSPK27F,0
SXXDF2P4,0
SYDMCICO,0
SYFS8G0T,0
SZ2O8SJP,0
SZ6LXZRQ,0
T08VZYOM,0
T0VZO7TK,0
T386RWI1,0
T3J0TDXQ,0
T3N3PADB,0
T4XROYTH,0
T5V20X74,0
T65H95EJ,0
T6G8UAIO,0
T6P76LXZ,0
T7BWSFYS,0
T83LVI6M,0
T957KR5H,0
TAUZ70FX,0
TAXX4AXG,0
TBGDBCE7,0
TBZNJ00J,0
TEUVMII4,0
TF15HBYS,0
TFC6BGXH,0
TFJSW9AR,0
TFT4WXY5,0
TFT83F3C,0
TG9P6IAM,0
TG9Q7LOB,0
TGVDAEJJ,0
TGWQUKJE,0
TH2ER5WU,0
THT5JEV1,0
THZ3NXW3,0
TIFP7EE5,0
TJ14GH0Y,0
TJ9PHOF3,0
TJP4E3KV,0
TJXCQL0N,0
TKBBUH2F,0
TL31GIYX,0
TLY5IEKI,0
TNFWMFRU,0
TOI0VINO,0
TOW6ALOE,0
TPZ5WLDE,0
TQ39ZYX8,0
TRKP0C9D,0
TS4H1IQU,0
TSDHO1RM,0
TSMY66WK,0
TT7MZEWG,0
TW4H68K3,0
TWF58088,0
TZC0NL5R,0
U0000REW,0
U17ZWPGA,0
U3JDP7BD,0
U521AAQE,0
U5E1DAQT,0
U5J1AJ4U,0
U5Y6KM5Q,0
U7Q62RY0,0
U7S8XPEJ,0
U8U46PKR,0
U8WBBMCQ,0
UABZTRID,0
UAORNV03,0
UATTFGFG,0
UBP9MV9X,0
UC4V9GWT,0
UC5DB4ET,0
UDHM3GGB,0
UFHL7Z68,0
UFN2OQLY,0
UG5IE0MO,0
UIRL82AT,0
UISZFMY2,0
UJZU4SU7,0
UKVTPO1C,0
UKZBSKHN,0
UMKKD7NU,0
UMVXB0TD,0
UMY8GX72,0
UNMSZQDB,0
UO93SLWG,0
UOFS8M9Z,0
UP3C59UZ,0
USOM9ZB2,0
USTIXPED,0
UTU4QPBQ,0
UUZ4VHJ0,0
UVLSY4WC,0
UVVDCYQ8,0
UWODY5F3,0
UZWAKQ3J,0
V0V2ISC7,0
V1TYCU9J,0
V1WWIKH5,0
V1Z226AE,0
V337CUUF,0
V3IMS3MS,0
V3MOMD3T,0
V4C57DX1,0
V4GD84Q6,0
V4MB62RU,0
V4OQHHAA,0
V593M9WF,0
V5HBT6OH,0
V5HE3A1Y,0
V6NIRCMK,0
V6WG9CCP,0
V88HC2W5,0
V8GXU9YV,0
V93NAMYD,0
V95H5W25,0
V9KP0QS3,0
VAJA91LW,0
VAOTZB7L,0
VAPBYMFD,0
VC07UJKV,0
VC2GYLX5,0
VCMBRO1F,0
VCPEXY45,0
VCWYX0RB,0
VDHXO4CK,0
VDNO02QA,0
VDOJMJFA,0
VDRD8WEO,0
VE172PX9,0
VEUFLSCP,0
VFUI3O0H,0
VFWC81ZQ,0
VGJF038B,0
VGPTJHR4,0
VHL85VD3,0
VI9P8GXO,0
VJ73CHOS,0
VJGBFPAL,0
VJGZOFEF,0
VLDW04AL,0
VMFQE2PR,0
VNQNKIZF,0
VO4VJYW0,0
VOH6PIWH,0
VOPD4F5K,0
VPTVD4Z1,0
VQ5MQW8D,0
VQR9062G,0
VUDQ0OKA,0
VUSC9TCU,0
VVEDOQLJ,0
VWB9ERJP,0
VWBHTJFG,0
VWG31BZ4,0
VXKU9J3K,0
VY9RR1AJ,0
VY9ZT377,0
VZX9M05L,0
W0FATNI6,0
W0QSV3EA,0
W1VHFUTU,0
W22Z89E4,0
W2U1JSKT,0
W3MGSU9C,0
W4S41A59,0
W7C8U0SC,0
W8FG1YFQ,0
WA7ETE56,0
WB04218S,0
WB2TBE1J,0
WB72DIVD,0
WB7S47UH,0
WBE7OP6E,0
WBOAW0MS,0
WCEZNUR7,0
WD411RR5,0
WDJDCMGB,0
WEAIKQ4C,0
WEJE36BR,0
WF4447NM,0
WG5XBD10,0
WHJWMTIB,0
WJJT0DWY,0
WJY8O3S2,0
WK1JI70A,0
WLX6OKTJ,0
WMB1H0NY,0
WNTHQZK0,0
WO6LM237,0
WOL3ROTN,0
WPYSVY09,0
WQ5KMTBC,0
WR7QQRQS,0
WRDK63BM,0
WT9UD2PC,0
WTV66WP8,0
WUOKB3CI,0
WUQT0NYK,0
WVI8SZ8Q,0
WX3W4M75,0
WX9ZL7Y5,0
WYGTANDM,0
WZMGY2CW,0
X0QG0ODT,0
X1RRRX0M,0
X21M8H3A,0
X2LMZOI3,0
X3WL6U8M,0
X4RU2UUF,0
X59WQP9N,0
X5EC7VUG,0
X5J2DVCL,0
X5T90GL3,0
X6EVVX7V,0
X6PBM16J,0
X7GPDKMM,0
X8XA5QZT,0
X96ZEYFW,0
XBSAUAM2,0
XC5YG0MD,0
XC9UBD1D,0
XD4X7UJG,0
XDL01M30,0
XELHYH1L,0
XFTTYHAK,0
XHMMZEVH,0
XHSHOBZH,0
XHXVAZK8,0
XIE5AG45,0
XIKSDQIG,0
XIQE5MGE,0
XKMO6JDR,0
XKQRMF2H,0
XLMWVVX3,0
XLWB1RD1,0
XM9OQ7LY,0
XN7EZ3EX,0
XN7RAJR7,0
XO2I8T1G,0
XO3DMR8V,0
XP3LIKBN,0
XPS267HR,0
XPXCQQWX,0
XSGV1VEX,0
XSMJTXYK,0
XT3RVRXA,0
XTDUNZAH,0
XTGOLZIA,0
XU7CGZYR,0
XUQ2ASVE,0
XUS5S37A,0
XUSQQQW0,0
XUWPZA6Y,0
XWFJOOR0,0
XX51Y2U3,0
Y10ALBAW,0
Y2OWX1WJ,0
Y3UQ038J,0
Y3VB329H,0
Y53DFOJM,0
Y5GZFTC9,0
Y5IL5QKH,0
Y6LLRHSU,0
Y776IJ7N,0
Y7AO0L3W,0
Y7CRH3VM,0
Y8AD54ML,0
Y8Q3185G,0
Y8YZU7OJ,0
Y9RFB4ND,0
YBNGL6JB,0
YC2ZM3FN,0
YCYODIIB,0
YDE63UYG,0
YDS3B1N7,0
YEOCW32U,0
YFK9YJNZ,0
YFUUU9WZ,0
YG7UU0BQ,0
YH11RKP6,0
YJFD6PB3,0
YJVGLAVM,0
YK845V54,0
YL5D4S0Q,0
YLBDSFN8,0
YMAL41GS,0
YMDLJ5DD,0
YMM8NFO6,0
YNHH5ZV1,0
YNT5HRZK,0
YOHM8QF2,0
YP77PN0F,0
YQ3PUOX3,0
YQ7UBBHY,0
YQEZTVTD,0
YR3TUAOY,0
YRUEG6MW,0
YSPL53DK,0
YTJKWB3Q,0
YTJNLZD6,0
YX2J1LAD,0
YYBUOJ7I,0
YYI3IVPW,0
YYOY1R2N,0
YYSWMVJW,0
Z0A1IDGT,0
Z0TLPTTG,0
Z0VQMQ9D,0
Z1HDR5AL,0
Z312UF0A,0
Z4Z66Q9I,0
Z55WGCQW,0
Z6ADI8HG,0
Z6AEV94N,0
Z6H1RDA4,0
Z8QLGYQS,0
Z91UWV9C,0
Z94OU73A,0
Z9DMIIPR,0
Z9N6M211,0
Z9ZEYONY,0
ZA2UCOL4,0
ZAFJ7IJG,0
ZBA6G9ZJ,0
ZEJSTEL7,0
ZFNXL8RO,0
ZGA6HGJ2,0
ZGCEOJNJ,0
ZGVCPDAA,0
ZJ81UWEI,0
ZJBHS1AB,0
ZJEFPWNB,0
ZKMLEEFS,0
ZKWNUQZC,0
ZM5KFDE4,0
ZN9RLUJL,0
ZNPS0MCB,0
ZNXFD1PC,0
ZNZM5JBP,0
ZO2HIGAG,0
ZP3XN7E5,0
ZPH0EOUJ,0
ZPPB9WC8,0
ZPPBMG1R,0
ZPUU0JAM,0
ZQ8D30VZ,0
ZR92NNLT,0
ZRODIBHV,0
ZTB4KWCZ,0
ZU1S03PK,0
ZVFHW6ZS,0
ZVVQH7NF,0
ZWBAYQVM,0
ZY46L2B5,0
ZZQRZURB,0
